<?xml version="1.0" encoding="UTF-8"?>
<beans xmlns="http://www.springframework.org/schema/beans"
	xmlns:xsi="http://www.w3.org/2001/XMLSchema-instance"
	xmlns:context="http://www.springframework.org/schema/context"
	xmlns:mvc="http://www.springframework.org/schema/mvc"
	xmlns:aop="http://www.springframework.org/schema/aop"
	xmlns:tx="http://www.springframework.org/schema/tx"
	xsi:schemaLocation="http://www.springframework.org/schema/mvc http://www.springframework.org/schema/mvc/spring-mvc-4.3.xsd
		http://www.springframework.org/schema/beans http://www.springframework.org/schema/beans/spring-beans.xsd
		http://www.springframework.org/schema/context http://www.springframework.org/schema/context/spring-context-4.3.xsd
		http://www.springframework.org/schema/aop http://www.springframework.org/schema/aop/spring-aop-4.3.xsd
		http://www.springframework.org/schema/tx http://www.springframework.org/schema/tx/spring-tx-4.3.xsd">

	<context:annotation-config></context:annotation-config>
	<context:component-scan base-package="com.cg"></context:component-scan>
	<mvc:annotation-driven></mvc:annotation-driven>
	<tx:annotation-driven transaction-manager="transactionManager"/>
	<!-- if incoming url is ending with /welcome.htm and if any bean is registered 
		with same id (/welcome.htm) then class="" of that bean will be considered 
		as a Controller. -->
	<!-- <bean id="/welcome.htm" class="com.cg.HelloController"></bean> -->
	<bean id="viewResolver"
		class="org.springframework.web.servlet.view.InternalResourceViewResolver">
		<property name="prefix" value="/jsps/"></property>
		<property name="suffix" value=".jsp"></property>
	</bean>
	<bean id="service" class="com.cg.EmployeeService"></bean>
	<bean id="dao" class="com.cg.EmployeeDao"></bean>

	<bean id="localeResolver"
		class="org.springframework.web.servlet.i18n.SessionLocaleResolver">
		<property name="defaultLocale" value="en"></property>
	</bean>
	<bean id="messageSource"
		class="org.springframework.context.support.ResourceBundleMessageSource">
		<property name="basenames">
			<list>
				<value>messages</value>
			</list>
		</property>
	</bean>

	<bean id="loggingAspect" class="com.cg.LoggingAspect"></bean>

	<aop:config>
		<aop:pointcut expression="execution(* *.save*(..))"
			id="mypointcut" />

		<aop:aspect ref="loggingAspect">
			<aop:before method="logBefore" pointcut-ref="mypointcut" />
			<aop:after-returning method="logAfter"
				returning="r" pointcut-ref="mypointcut" />
		</aop:aspect>
	</aop:config>
	<bean id="ds"
		class="org.springframework.jdbc.datasource.DriverManagerDataSource">
		<property name="driverClassName"
			value="com.mysql.jdbc.Driver"></property>
		<property name="url"
			value="jdbc:mysql://localhost:3306/springjdbc"></property>
		<property name="username" value="root"></property>
		<property name="password" value="root"></property>
	</bean>

	<bean id="entityManagerFactory"
		class="org.springframework.orm.jpa.LocalContainerEntityManagerFactoryBean">
		<property name="dataSource" ref="ds"></property>
		<property name="packagesToScan" value="com.cg"></property>
		<property name="persistenceProviderClass"
			value="org.hibernate.jpa.HibernatePersistenceProvider"></property>
		<property name="jpaPropertyMap">
			<map>
				<entry key="hibernate.dialect"
					value="org.hibernate.dialect.MySQL5Dialect" />
				<entry key="hibernate.hbm2ddl.auto" value="update" />
			</map>
		</property>
	</bean>

	<bean id="transactionManager"
		class="org.springframework.orm.jpa.JpaTransactionManager">
		<property name="entityManagerFactory"
			ref="entityManagerFactory"></property>
	</bean>

	<bean id="template"
		class="org.springframework.jdbc.core.JdbcTemplate">
		<property name="dataSource" ref="ds"></property>
	</bean>
</beans>
